id,first_name,last_name,email,gender,ip_address
1,Cordelie,Soldan,csoldan0@reverbnation.com,Male,201.129.149.202
2,Aleece,Edrich,aedrich1@addtoany.com,Male,162.1.71.236
3,Sinclare,Collick,scollick2@slate.com,Male,177.154.112.105
4,Flossy,West,fwest3@free.fr,Female,217.159.248.110
5,Carri,Barnhart,cbarnhart4@yellowbook.com,Male,152.122.133.163
6,Aksel,Ciardo,aciardo5@eventbrite.com,Male,24.217.157.194
7,Ethelyn,Ivers,eivers6@sbwire.com,Male,1.95.10.4
8,Riordan,Hissett,rhissett7@latimes.com,Male,120.45.69.52
9,Giacopo,Leakner,gleakner8@csmonitor.com,Male,206.212.248.246
10,Monte,Corcut,mcorcut9@nytimes.com,Male,119.100.160.167
11,Gerek,Wloch,gwlocha@mail.ru,Male,98.157.62.87
12,Willyt,Delion,wdelionb@360.cn,Female,242.235.93.233
13,Nobe,Hallan,nhallanc@cmu.edu,Female,70.33.21.108
14,Philippa,Gauntley,pgauntleyd@mozilla.org,Male,167.136.110.177
15,Aurie,Esherwood,aesherwoode@harvard.edu,Male,21.181.128.16
16,Chic,Daingerfield,cdaingerfieldf@ihg.com,Male,48.146.207.11
17,Alvis,Bellringer,abellringerg@utexas.edu,Female,217.148.183.73
18,Sid,Krojn,skrojnh@studiopress.com,Male,3.156.252.141
19,Denny,Roseaman,droseamani@reddit.com,Female,72.63.20.93
20,Rikki,Trever,rtreverj@blogspot.com,Female,8.173.1.88
21,Belle,Beeho,bbeehok@bluehost.com,Female,157.6.39.105
22,Miller,Djordjevic,mdjordjevicl@google.com.au,Female,52.167.59.190
23,Kalila,Bernini,kberninim@cnet.com,Female,124.153.129.39
24,Ludvig,Willacot,lwillacotn@mtv.com,Female,94.53.228.242
25,Lesley,Pridham,lpridhamo@bravesites.com,Male,20.86.200.125
26,Netta,Lambert,nlambertp@nydailynews.com,Male,84.48.8.99
27,Carl,Lowfill,clowfillq@wikimedia.org,Female,139.90.86.152
28,Maxy,Connick,mconnickr@nature.com,Male,0.172.67.7
29,Sayre,Retchford,sretchfords@amazon.co.jp,Female,210.252.160.83
30,Geralda,Badsey,gbadseyt@bluehost.com,Female,183.186.14.125
31,Robinet,Pedro,rpedrou@businessweek.com,Male,11.81.21.219
32,Cara,Rysom,crysomv@ustream.tv,Male,142.234.38.76
33,Prue,Rainy,prainyw@pinterest.com,Male,121.130.222.180
34,Aimee,Dandy,adandyx@marketwatch.com,Male,90.190.162.213
35,Roma,Kiffe,rkiffey@timesonline.co.uk,Female,163.220.47.165
36,Georgi,Dominetti,gdominettiz@reference.com,Male,62.84.3.92
37,Mala,McCathay,mmccathay10@ucsd.edu,Female,22.205.161.112
38,Cosme,Noar,cnoar11@blogtalkradio.com,Male,153.142.123.52
39,Mendel,Elvey,melvey12@cpanel.net,Male,186.176.147.162
40,Theo,Skase,tskase13@reverbnation.com,Male,157.2.226.141
41,Baudoin,Castille,bcastille14@paypal.com,Male,3.76.174.92
42,Meier,Boldecke,mboldecke15@unicef.org,Female,110.13.182.40
43,Hill,Magarrell,hmagarrell16@vinaora.com,Male,106.16.66.137
44,Robby,Bertelet,rbertelet17@narod.ru,Male,233.75.148.73
45,Becka,Worboys,bworboys18@bravesites.com,Female,18.94.124.129
46,Gery,Causley,gcausley19@home.pl,Male,40.234.92.194
47,Herrick,Manntschke,hmanntschke1a@wikipedia.org,Male,46.126.50.104
48,Odilia,Liversley,oliversley1b@fastcompany.com,Male,117.67.81.63
49,Myriam,Dargan,mdargan1c@fotki.com,Female,17.141.147.4
50,Niki,Bloxham,nbloxham1d@liveinternet.ru,Female,179.45.77.69
51,Rockey,Tatterton,rtatterton1e@ning.com,Male,171.144.145.129
52,Nancey,Attersoll,nattersoll1f@google.cn,Female,188.252.230.38
53,Wilma,Petrushanko,wpetrushanko1g@pinterest.com,Male,150.42.41.196
54,Jobina,Farnham,jfarnham1h@so-net.ne.jp,Male,205.124.185.119
55,Riki,Buttriss,rbuttriss1i@nydailynews.com,Male,191.101.33.71
56,Benedikt,Hamby,bhamby1j@wikispaces.com,Female,151.74.184.131
57,Willi,Heynel,wheynel1k@gravatar.com,Male,56.67.158.248
58,Colby,Saker,csaker1l@behance.net,Male,191.171.242.130
59,Siward,Gillet,sgillet1m@icio.us,Female,0.222.231.77
60,Candis,Vaudre,cvaudre1n@blogs.com,Male,10.9.43.119
61,Avivah,Beggini,abeggini1o@exblog.jp,Female,188.143.45.139
62,Conan,Bushnell,cbushnell1p@paginegialle.it,Female,188.0.112.51
63,Felisha,Karpenya,fkarpenya1q@xrea.com,Male,242.198.144.232
64,Olva,Laville,olaville1r@trellian.com,Female,150.183.139.13
65,Doralynn,Yirrell,dyirrell1s@hp.com,Male,187.146.194.57
66,Tallulah,Cuming,tcuming1t@eventbrite.com,Female,255.140.84.4
67,Hamel,Whatson,hwhatson1u@slashdot.org,Female,78.70.107.6
68,Yorker,Brunelleschi,ybrunelleschi1v@woothemes.com,Female,187.113.128.148
69,Blair,Marney,bmarney1w@constantcontact.com,Female,104.109.85.13
70,Tucker,Craster,tcraster1x@yale.edu,Male,135.132.28.117
71,Floyd,Dulson,fdulson1y@tiny.cc,Male,5.183.224.117
72,Jaymee,Lettuce,jlettuce1z@gravatar.com,Female,226.52.26.127
73,Mag,Dowson,mdowson20@forbes.com,Male,185.215.37.140
74,Brody,Littlefair,blittlefair21@gov.uk,Female,238.166.41.138
75,Larissa,Mingus,lmingus22@google.co.jp,Male,126.175.89.228
76,Travers,Prin,tprin23@youtube.com,Female,222.224.46.216
77,Rory,Brecknall,rbrecknall24@scribd.com,Female,183.50.223.43
78,Natala,Studart,nstudart25@google.cn,Female,141.208.38.48
79,Eyde,Connell,econnell26@umich.edu,Male,103.183.127.157
80,Deck,Verney,dverney27@spotify.com,Male,196.242.156.54
81,Ferdie,Strathearn,fstrathearn28@yolasite.com,Male,68.96.5.165
82,Meredith,Little,mlittle29@state.tx.us,Male,30.113.114.250
83,Erma,Grimmett,egrimmett2a@bing.com,Female,21.238.88.158
84,Heddi,Heamus,hheamus2b@state.gov,Female,31.120.145.231
85,Cherice,Yeiles,cyeiles2c@google.com.au,Male,152.111.56.98
86,Jamie,O'Driscole,jodriscole2d@w3.org,Female,3.100.243.18
87,Keriann,Wheeldon,kwheeldon2e@icio.us,Female,37.156.155.143
88,Vasily,Free,vfree2f@microsoft.com,Male,58.0.251.211
89,Alis,Nisen,anisen2g@cyberchimps.com,Male,223.253.228.111
90,Jdavie,Heilds,jheilds2h@pbs.org,Female,60.121.246.181
91,Jennie,Caesar,jcaesar2i@cnbc.com,Female,134.173.227.246
92,Sutherland,Cloute,scloute2j@blogspot.com,Male,233.197.136.26
93,Arden,Pyke,apyke2k@constantcontact.com,Male,80.64.98.252
94,Diahann,Tolliday,dtolliday2l@livejournal.com,Female,109.171.14.156
95,Errick,Ivanaev,eivanaev2m@qq.com,Female,46.0.75.17
96,Jammie,Hincks,jhincks2n@wiley.com,Female,228.107.175.90
97,Devonne,Gainsbury,dgainsbury2o@sohu.com,Male,107.46.59.133
98,Edeline,Ninnis,eninnis2p@imageshack.us,Male,53.193.208.213
99,Rosy,Evison,revison2q@twitpic.com,Male,150.39.74.255
100,Kevina,Matyja,kmatyja2r@admin.ch,Male,133.21.220.52
101,Damita,Amyes,damyes2s@tripod.com,Female,138.181.3.154
102,Jere,McAleese,jmcaleese2t@elpais.com,Male,130.253.93.237
103,Keri,Urry,kurry2u@github.com,Male,104.141.162.219
104,Mikael,Caile,mcaile2v@mysql.com,Female,125.74.28.94
105,Harriott,Merrikin,hmerrikin2w@google.it,Female,118.45.153.145
106,Ingar,Bernardin,ibernardin2x@economist.com,Female,227.127.207.120
107,Noni,McKenny,nmckenny2y@odnoklassniki.ru,Male,7.13.237.81
108,Birgitta,Sloegrave,bsloegrave2z@bandcamp.com,Male,91.175.119.232
109,Muffin,Dowey,mdowey30@bigcartel.com,Male,1.87.180.250
110,Durand,Beaumont,dbeaumont31@java.com,Female,218.93.42.68
111,Jabez,Prise,jprise32@edublogs.org,Male,8.252.166.42
112,Cleon,Honacker,chonacker33@wordpress.org,Male,220.214.214.133
113,Dniren,Sharnock,dsharnock34@free.fr,Male,37.99.142.133
114,Idalia,Pierse,ipierse35@gizmodo.com,Female,205.93.88.253
115,Bunnie,Monck,bmonck36@moonfruit.com,Male,118.220.128.74
116,Lucita,Vedntyev,lvedntyev37@chron.com,Male,170.251.147.32
117,Boone,Rawlinson,brawlinson38@cloudflare.com,Male,117.155.137.74
118,Karlie,Panks,kpanks39@i2i.jp,Male,115.229.10.211
119,Charity,Tolomelli,ctolomelli3a@t.co,Female,115.35.119.15
120,Eben,Eggar,eeggar3b@deviantart.com,Female,132.31.111.9
121,Gerrilee,Chorley,gchorley3c@state.tx.us,Male,175.64.228.194
122,Gail,Minchin,gminchin3d@youtu.be,Female,74.124.252.242
123,Consolata,Skrine,cskrine3e@so-net.ne.jp,Male,147.178.220.123
124,Joye,Bearham,jbearham3f@go.com,Male,203.206.90.53
125,Oneida,Addekin,oaddekin3g@icq.com,Male,164.172.216.219
126,Katya,Dimond,kdimond3h@blogs.com,Male,89.218.125.222
127,Isabella,Soppit,isoppit3i@webmd.com,Male,102.87.37.205
128,Elsy,Coles,ecoles3j@pbs.org,Male,73.51.143.221
129,Katharine,Lukes,klukes3k@dion.ne.jp,Male,97.196.187.30
130,Kellen,Snead,ksnead3l@wired.com,Male,193.84.84.26
131,Madonna,Murthwaite,mmurthwaite3m@rambler.ru,Female,2.191.166.25
132,Michaelina,Bonhill,mbonhill3n@oakley.com,Male,43.119.87.122
133,Smith,Kocher,skocher3o@domainmarket.com,Male,83.57.57.80
134,Ardith,MacNeish,amacneish3p@meetup.com,Female,111.240.143.180
135,Warde,Maltby,wmaltby3q@china.com.cn,Male,225.11.195.136
136,Eimile,Coulthurst,ecoulthurst3r@google.com.br,Male,96.102.129.149
137,Man,Klazenga,mklazenga3s@europa.eu,Female,52.135.144.2
138,Dwayne,Duffet,dduffet3t@mapy.cz,Male,192.68.120.250
139,Dael,Goundrill,dgoundrill3u@ebay.com,Female,219.125.133.29
140,Shandie,Hooks,shooks3v@wix.com,Female,15.110.69.174
141,Gisella,Smales,gsmales3w@marketwatch.com,Male,193.159.17.112
142,Elvyn,Berge,eberge3x@mlb.com,Female,112.18.0.178
143,Pieter,Aspden,paspden3y@rakuten.co.jp,Male,191.116.102.109
144,Siobhan,Greatbank,sgreatbank3z@state.tx.us,Female,221.240.193.40
145,Efren,Berkelay,eberkelay40@ocn.ne.jp,Female,223.20.171.73
146,Merralee,Kinsley,mkinsley41@wufoo.com,Female,252.251.127.110
147,Victoir,Delgado,vdelgado42@wp.com,Male,52.1.254.136
148,Scot,Cotherill,scotherill43@japanpost.jp,Female,33.99.87.55
149,Missie,Ost,most44@shareasale.com,Male,67.179.26.27
150,Rachelle,Gookey,rgookey45@amazonaws.com,Male,20.44.193.212
151,Tiff,Tackell,ttackell46@accuweather.com,Female,226.94.231.213
152,Haleigh,Chown,hchown47@digg.com,Male,75.10.48.149
153,Larry,Hugk,lhugk48@sciencedaily.com,Male,91.174.26.228
154,Teodor,Turbern,tturbern49@ibm.com,Male,229.78.64.46
155,Erhard,Vakhonin,evakhonin4a@163.com,Female,53.48.227.94
156,Johannah,Bountiff,jbountiff4b@latimes.com,Female,212.174.196.7
157,Sephira,Naughton,snaughton4c@discovery.com,Male,233.135.199.159
158,Iseabal,McIlriach,imcilriach4d@elegantthemes.com,Female,104.102.4.82
159,Harley,Lathey,hlathey4e@cbc.ca,Male,139.251.47.29
160,Britney,MacMurray,bmacmurray4f@illinois.edu,Male,87.170.49.39
161,Velma,Capps,vcapps4g@feedburner.com,Male,126.204.42.223
162,Gamaliel,Kibard,gkibard4h@msn.com,Male,247.3.205.71
163,Christal,Zupa,czupa4i@wikispaces.com,Male,118.79.176.149
164,Loretta,Truman,ltruman4j@imdb.com,Female,145.4.245.137
165,Patrice,Avrashin,pavrashin4k@hostgator.com,Male,231.225.222.75
166,Alameda,Tomson,atomson4l@baidu.com,Male,20.45.228.218
167,Zelig,Bizley,zbizley4m@guardian.co.uk,Male,45.253.67.83
168,Aigneis,Oliff,aoliff4n@w3.org,Male,249.59.113.143
169,Mariska,Ingleston,mingleston4o@tamu.edu,Female,194.240.178.4
170,Thorndike,Castillon,tcastillon4p@china.com.cn,Female,137.148.41.126
171,Eddy,McParlin,emcparlin4q@google.com,Male,200.220.189.42
172,Belita,O'Codihie,bocodihie4r@apache.org,Female,78.6.214.136
173,Xenia,Collimore,xcollimore4s@google.cn,Male,64.95.67.221
174,Pierette,Sneesbie,psneesbie4t@bing.com,Female,194.66.93.153
175,Umberto,Luton,uluton4u@economist.com,Male,74.32.170.12
176,Appolonia,Kohrsen,akohrsen4v@scientificamerican.com,Male,9.24.163.215
177,Raquela,Dellenbrook,rdellenbrook4w@tripadvisor.com,Male,195.224.169.89
178,Fanchette,Kalaher,fkalaher4x@tmall.com,Male,166.212.38.52
179,Freda,Tucknott,ftucknott4y@alibaba.com,Male,78.153.67.251
180,Archibald,MacAlister,amacalister4z@yolasite.com,Male,22.216.127.108
181,Zarah,Ioselev,zioselev50@fastcompany.com,Male,76.187.220.52
182,Adeline,De Roeck,aderoeck51@digg.com,Female,27.67.17.207
183,Hadley,Logsdail,hlogsdail52@wikipedia.org,Female,12.142.115.54
184,Ibbie,Glasebrook,iglasebrook53@elpais.com,Female,70.89.204.230
185,Kaye,Alwin,kalwin54@gov.uk,Male,223.224.37.40
186,Raff,Almack,ralmack55@free.fr,Female,151.109.58.116
187,Farlie,Smooth,fsmooth56@cmu.edu,Male,9.81.135.169
188,Prentiss,Walden,pwalden57@blogspot.com,Female,218.10.196.12
189,Oliviero,Tutill,otutill58@surveymonkey.com,Male,176.120.73.168
190,Karoly,Rudgard,krudgard59@usatoday.com,Female,33.87.42.70
191,Douglass,Smeeth,dsmeeth5a@flickr.com,Male,52.91.123.246
192,Eada,Avis,eavis5b@vk.com,Female,235.246.48.24
193,Fidole,Burns,fburns5c@typepad.com,Male,118.236.49.192
194,Timoteo,Matusovsky,tmatusovsky5d@sfgate.com,Female,104.217.229.205
195,Blanca,Pettican,bpettican5e@imageshack.us,Female,115.187.148.198
196,Urban,Greystock,ugreystock5f@cocolog-nifty.com,Female,22.10.211.245
197,Chevalier,Campany,ccampany5g@spotify.com,Female,71.182.27.24
198,Jessy,Leacock,jleacock5h@liveinternet.ru,Male,218.104.212.124
199,Addy,Coulthard,acoulthard5i@comcast.net,Female,130.94.48.140
200,Daisy,Sergeant,dsergeant5j@posterous.com,Female,178.198.217.140
201,Dickie,Dreghorn,ddreghorn5k@w3.org,Female,104.84.253.142
202,Louisette,Paice,lpaice5l@independent.co.uk,Male,188.76.38.131
203,Austina,Chalker,achalker5m@stumbleupon.com,Female,16.180.126.88
204,Melva,Mitchelhill,mmitchelhill5n@ucoz.ru,Male,5.229.183.228
205,Agosto,Gatchell,agatchell5o@irs.gov,Male,92.103.112.163
206,Jen,Minchella,jminchella5p@reddit.com,Female,63.128.172.96
207,Erastus,Haggarth,ehaggarth5q@altervista.org,Male,163.182.221.225
208,Wittie,Peterkin,wpeterkin5r@accuweather.com,Male,160.50.234.174
209,Christi,Moorton,cmoorton5s@admin.ch,Female,173.57.124.47
210,Angeli,Helbeck,ahelbeck5t@aboutads.info,Male,76.117.66.22
211,Gui,Fardy,gfardy5u@army.mil,Female,237.84.18.172
212,Tallia,Dumingos,tdumingos5v@altervista.org,Male,178.5.6.53
213,Ginger,Alabaster,galabaster5w@instagram.com,Male,120.208.154.65
214,Jed,D'Ambrogi,jdambrogi5x@simplemachines.org,Female,84.201.189.104
215,Ramsey,Izakovitz,rizakovitz5y@slate.com,Male,208.11.24.15
216,Adele,Swift,aswift5z@123-reg.co.uk,Male,133.74.87.16
217,Janaya,Simonsson,jsimonsson60@ameblo.jp,Male,78.35.54.41
218,Goran,Sutlieff,gsutlieff61@elegantthemes.com,Male,14.77.124.120
219,Saundra,Fowle,sfowle62@indiegogo.com,Female,16.104.33.62
220,Saxe,Isenor,sisenor63@chron.com,Male,120.200.189.100
221,Jackson,Teall,jteall64@java.com,Female,113.90.43.99
222,Hinda,Ind,hind65@gnu.org,Female,177.254.176.144
223,Ware,Hick,whick66@webeden.co.uk,Male,109.186.173.35
224,Bella,Alvar,balvar67@so-net.ne.jp,Female,159.92.248.46
225,Mahalia,Darrach,mdarrach68@weibo.com,Female,220.69.156.226
226,Harwilll,Le Noir,hlenoir69@hao123.com,Male,145.125.58.71
227,Sonnie,Mixter,smixter6a@columbia.edu,Male,179.139.18.98
228,Isadore,Boldecke,iboldecke6b@msn.com,Male,163.230.92.43
229,Cilka,Kesterton,ckesterton6c@upenn.edu,Female,112.21.230.171
230,Jelene,Gashion,jgashion6d@dagondesign.com,Male,162.57.66.65
231,Elvyn,Braywood,ebraywood6e@multiply.com,Male,98.227.23.165
232,Keriann,Angelini,kangelini6f@virginia.edu,Female,74.35.97.189
233,Arielle,Presslie,apresslie6g@slashdot.org,Female,197.225.106.200
234,Agnesse,Skeene,askeene6h@senate.gov,Male,237.22.184.55
235,Farley,Abrahmson,fabrahmson6i@miitbeian.gov.cn,Female,135.75.229.65
236,Bibi,Pentelow,bpentelow6j@wisc.edu,Male,237.142.128.141
237,Kellie,Burness,kburness6k@aboutads.info,Female,213.125.163.114
238,Tonie,Dreng,tdreng6l@smh.com.au,Female,77.255.212.129
239,Read,Tottie,rtottie6m@uiuc.edu,Male,9.186.157.40
240,Pancho,Padginton,ppadginton6n@imdb.com,Male,51.202.144.120
241,Celesta,Lorie,clorie6o@vinaora.com,Male,117.29.217.7
242,Othello,Ferrettini,oferrettini6p@mtv.com,Male,201.113.168.50
243,Eve,Bruntjen,ebruntjen6q@opensource.org,Male,37.33.17.88
244,Morry,Stenet,mstenet6r@cbc.ca,Male,88.121.118.9
245,Sollie,Leisk,sleisk6s@opensource.org,Female,174.186.81.69
246,Florida,Gloucester,fgloucester6t@amazonaws.com,Female,117.1.224.58
247,Selig,Fasset,sfasset6u@cyberchimps.com,Male,147.207.70.57
248,Sheppard,MacMeekan,smacmeekan6v@biblegateway.com,Female,173.108.30.34
249,Katherina,Arderne,karderne6w@cbslocal.com,Male,106.105.0.220
250,Lynne,Hickisson,lhickisson6x@youku.com,Male,147.252.177.223
251,Nikki,Wase,nwase6y@unblog.fr,Male,242.17.41.199
252,Tiebold,Bramich,tbramich6z@mozilla.com,Male,157.167.230.43
253,Arnoldo,Osgorby,aosgorby70@webs.com,Female,195.80.34.117
254,Shandeigh,Kynton,skynton71@lulu.com,Female,189.197.117.12
255,Cherianne,Bligh,cbligh72@ucoz.ru,Female,130.204.28.49
256,Gerome,Rickford,grickford73@weather.com,Male,240.41.89.31
257,Stephie,Duchatel,sduchatel74@java.com,Female,18.118.51.133
258,Dorris,Wellstead,dwellstead75@sfgate.com,Male,117.182.67.51
259,Laverne,Ferronel,lferronel76@lulu.com,Female,225.176.190.189
260,Reynold,Reding,rreding77@google.de,Female,221.73.64.151
261,Kaela,Amyes,kamyes78@geocities.jp,Female,148.7.23.102
262,Justis,Schollar,jschollar79@trellian.com,Male,143.6.47.193
263,Robby,Grzelewski,rgrzelewski7a@umn.edu,Male,30.42.226.32
264,Daniella,Rosenzveig,drosenzveig7b@sun.com,Male,102.130.171.84
265,Kaylil,Spensly,kspensly7c@hatena.ne.jp,Male,253.146.105.178
266,Lek,Pinnere,lpinnere7d@last.fm,Female,132.53.221.234
267,Obediah,Maughan,omaughan7e@usda.gov,Male,237.123.216.146
268,Lida,Machans,lmachans7f@ycombinator.com,Male,109.137.129.114
269,Francesca,Tanswill,ftanswill7g@soup.io,Female,162.39.166.62
270,Karlis,Borgnet,kborgnet7h@joomla.org,Female,168.172.102.159
271,Frank,McGucken,fmcgucken7i@goo.gl,Male,156.15.56.110
272,Margi,Orpyne,morpyne7j@house.gov,Male,168.79.115.11
273,Ferris,Allright,fallright7k@smugmug.com,Female,57.111.224.181
274,Sutton,Suthren,ssuthren7l@imgur.com,Male,217.46.143.236
275,Koo,Langrick,klangrick7m@chicagotribune.com,Male,240.61.105.162
276,Karina,Folley,kfolley7n@eepurl.com,Female,82.130.45.27
277,Erminia,Gimson,egimson7o@eventbrite.com,Male,66.224.218.177
278,Jeanelle,Jimenez,jjimenez7p@china.com.cn,Male,37.211.180.208
279,Sophronia,Moscrop,smoscrop7q@oakley.com,Male,186.248.225.86
280,Aida,Ranklin,aranklin7r@cpanel.net,Male,113.134.228.197
281,Boigie,Pearl,bpearl7s@xrea.com,Male,132.149.158.103
282,Hilary,Scoyles,hscoyles7t@msu.edu,Male,98.175.225.213
283,Holt,Litster,hlitster7u@elegantthemes.com,Male,230.136.128.153
284,Filippa,Gundrey,fgundrey7v@comsenz.com,Male,73.194.106.140
285,Talbert,Annies,tannies7w@seesaa.net,Male,229.72.174.53
286,Charles,Clash,cclash7x@indiegogo.com,Female,93.189.8.41
287,Kendricks,O'Lunney,kolunney7y@php.net,Female,234.223.55.249
288,Hashim,Ubee,hubee7z@nsw.gov.au,Male,194.48.26.226
289,Nelie,Shalcras,nshalcras80@ucoz.com,Male,154.128.49.108
290,Evangelina,MacGiolla,emacgiolla81@who.int,Female,141.56.45.29
291,Cesare,Pittel,cpittel82@indiatimes.com,Male,74.35.211.216
292,Birk,Sprigin,bsprigin83@dmoz.org,Male,150.63.222.111
293,Leopold,Rushton,lrushton84@springer.com,Female,197.103.26.222
294,Winfield,Mattingley,wmattingley85@foxnews.com,Male,59.173.130.205
295,Demetre,Offell,doffell86@scientificamerican.com,Male,249.44.210.101
296,Eddie,Molyneux,emolyneux87@unblog.fr,Male,145.63.90.17
297,Malachi,Rozzier,mrozzier88@networkadvertising.org,Female,12.150.242.254
298,Krisha,Brusby,kbrusby89@digg.com,Male,128.153.87.200
299,Torry,Toffanini,ttoffanini8a@macromedia.com,Female,34.135.62.84
300,Amelie,Longrigg,alongrigg8b@joomla.org,Male,130.91.137.70
301,Jereme,Rigard,jrigard8c@independent.co.uk,Female,136.135.96.88
302,Gian,Jarman,gjarman8d@merriam-webster.com,Male,135.202.113.71
303,Marylin,McCrackem,mmccrackem8e@home.pl,Female,182.46.165.146
304,Donavon,Masedon,dmasedon8f@statcounter.com,Female,52.204.5.199
305,Saba,Oxer,soxer8g@technorati.com,Female,107.51.98.70
306,Berget,Zecchinelli,bzecchinelli8h@123-reg.co.uk,Female,191.116.201.201
307,Mickie,Cassy,mcassy8i@people.com.cn,Male,223.164.112.107
308,Seumas,Wike,swike8j@nsw.gov.au,Female,10.110.80.50
309,Forster,Land,fland8k@digg.com,Female,85.149.129.234
310,Hughie,Southwood,hsouthwood8l@tripadvisor.com,Female,201.91.63.219
311,Genevieve,Halvorsen,ghalvorsen8m@bloglines.com,Male,190.155.26.161
312,Pip,Yeomans,pyeomans8n@psu.edu,Male,255.223.166.104
313,Marci,Local,mlocal8o@vkontakte.ru,Female,182.222.104.58
314,Brigitte,Mc Ilwrick,bmcilwrick8p@uol.com.br,Male,213.218.179.113
315,Jessica,Fasler,jfasler8q@topsy.com,Male,107.225.238.24
316,Walliw,Becerro,wbecerro8r@technorati.com,Female,86.191.176.222
317,Chadwick,Moncey,cmoncey8s@51.la,Male,200.141.165.199
318,Manuel,Marciskewski,mmarciskewski8t@howstuffworks.com,Female,6.7.198.210
319,Charlie,Gardener,cgardener8u@paginegialle.it,Male,162.151.243.205
320,Pietra,Pachmann,ppachmann8v@aboutads.info,Male,232.55.217.244
321,Ashlen,Guitte,aguitte8w@twitpic.com,Male,129.113.122.109
322,Elissa,Creek,ecreek8x@parallels.com,Male,66.7.162.54
323,Guenna,Westmacott,gwestmacott8y@booking.com,Female,126.169.182.68
324,Lowe,Soughton,lsoughton8z@independent.co.uk,Female,121.123.110.144
325,Claudia,Grice,cgrice90@stumbleupon.com,Female,167.19.119.104
326,Bertrand,Abba,babba91@smh.com.au,Male,181.130.9.38
327,Constance,Elnough,celnough92@narod.ru,Female,57.252.0.118
328,Maura,Chadd,mchadd93@cornell.edu,Male,225.81.239.164
329,Janine,Frostdyke,jfrostdyke94@wsj.com,Male,60.17.232.79
330,Rani,Massey,rmassey95@ifeng.com,Male,109.204.50.237
331,Randal,Acory,racory96@themeforest.net,Male,178.115.150.121
332,Rem,Scamadine,rscamadine97@springer.com,Male,82.202.132.6
333,Brewer,Hempel,bhempel98@hud.gov,Male,158.68.206.112
334,Costanza,Palleske,cpalleske99@icq.com,Male,173.255.229.198
335,Delila,McSporon,dmcsporon9a@booking.com,Female,64.34.102.92
336,Jacinta,Hegley,jhegley9b@wunderground.com,Male,55.4.51.44
337,Garald,Gagan,ggagan9c@usa.gov,Male,201.193.118.217
338,Felice,Hulls,fhulls9d@wsj.com,Male,17.105.24.51
339,Sauveur,Sisnett,ssisnett9e@trellian.com,Male,156.155.21.111
340,Denys,Perllman,dperllman9f@skyrock.com,Female,255.68.119.48
341,Freemon,Braun,fbraun9g@1und1.de,Male,153.1.198.230
342,Magda,Roelofs,mroelofs9h@eepurl.com,Female,58.224.39.174
343,David,Depper,ddepper9i@unc.edu,Male,51.231.63.108
344,Les,Paffley,lpaffley9j@fotki.com,Male,37.166.67.8
345,Haleigh,Younie,hyounie9k@constantcontact.com,Female,227.191.141.24
346,Mattheus,Breache,mbreache9l@msn.com,Female,179.104.163.194
347,Francene,Barme,fbarme9m@weather.com,Female,188.108.126.99
348,Maddi,Gerardin,mgerardin9n@youtu.be,Male,153.154.111.136
349,Arlin,Stag,astag9o@java.com,Male,37.131.119.200
350,Sandra,Naris,snaris9p@zdnet.com,Male,19.221.242.220
351,Bradley,Edelheit,bedelheit9q@bizjournals.com,Female,200.65.42.121
352,Frankie,Dallewater,fdallewater9r@shinystat.com,Female,235.232.9.86
353,Richardo,Sorby,rsorby9s@indiegogo.com,Male,178.212.172.45
354,Tally,Meharry,tmeharry9t@mlb.com,Female,212.151.206.203
355,Vaughn,Sparey,vsparey9u@nyu.edu,Male,198.120.188.50
356,Madelin,Hetterich,mhetterich9v@paginegialle.it,Male,195.209.225.228
357,Tibold,Strangwood,tstrangwood9w@printfriendly.com,Female,232.25.204.119
358,Jerri,Strange,jstrange9x@digg.com,Female,228.58.2.176
359,Zorina,Manie,zmanie9y@about.me,Male,36.70.152.100
360,Con,Ivanyutin,civanyutin9z@cargocollective.com,Female,35.238.207.203
361,Conny,Cohan,ccohana0@apple.com,Female,211.18.68.30
362,Merrilee,Kelson,mkelsona1@aol.com,Male,216.209.176.3
363,Lyman,Paulin,lpaulina2@themeforest.net,Male,243.112.76.183
364,Daisi,McComb,dmccomba3@people.com.cn,Female,131.103.151.35
365,Holmes,Eckley,heckleya4@scientificamerican.com,Female,75.150.37.174
366,Olwen,Ortega,oortegaa5@latimes.com,Male,64.172.90.231
367,Temp,Eggers,teggersa6@unicef.org,Male,120.15.73.245
368,Clio,Brim,cbrima7@huffingtonpost.com,Female,109.166.111.87
369,Nedda,Baseley,nbaseleya8@businesswire.com,Male,210.53.133.140
370,Lexis,Coldridge,lcoldridgea9@facebook.com,Female,113.68.33.212
371,Charlena,Birdwistle,cbirdwistleaa@yolasite.com,Female,46.98.82.242
372,Tiebold,Dufour,tdufourab@ed.gov,Female,54.238.70.208
373,Jules,Marran,jmarranac@domainmarket.com,Male,110.76.83.47
374,Nicole,Scaice,nscaicead@jiathis.com,Female,128.67.141.233
375,Lainey,Flicker,lflickerae@1688.com,Male,120.5.56.31
376,Kippar,Scoular,kscoularaf@ning.com,Male,81.63.18.34
377,Mel,MacAdam,mmacadamag@biblegateway.com,Female,85.2.189.10
378,Karena,Crush,kcrushah@mlb.com,Male,99.146.233.132
379,Othilie,Jobb,ojobbai@businessweek.com,Male,178.17.150.231
380,Robbie,Davydoch,rdavydochaj@archive.org,Female,143.207.89.223
381,Shae,Russell,srussellak@spiegel.de,Female,199.14.139.105
382,Andreas,Curtois,acurtoisal@dagondesign.com,Male,166.195.74.96
383,Sapphira,Poschel,sposchelam@woothemes.com,Female,109.130.73.110
384,Tynan,Habbeshaw,thabbeshawan@cbslocal.com,Male,171.172.143.123
385,Gradeigh,Rosenfeld,grosenfeldao@123-reg.co.uk,Female,91.47.217.159
386,Sianna,Leeder,sleederap@instagram.com,Male,60.205.217.20
387,Agnese,Pelman,apelmanaq@msu.edu,Male,172.194.7.9
388,Chad,Cawt,ccawtar@trellian.com,Female,27.53.11.125
389,Axe,Dillistone,adillistoneas@ted.com,Male,104.31.1.209
390,Jojo,Landrean,jlandreanat@loc.gov,Male,110.197.19.254
391,Antonius,Stambridge,astambridgeau@bravesites.com,Female,64.83.95.225
392,Clio,Cradock,ccradockav@cloudflare.com,Male,63.0.249.242
393,Ossie,Ceci,oceciaw@usnews.com,Male,35.51.91.178
394,Jaquenetta,Lenham,jlenhamax@senate.gov,Female,102.168.169.90
395,Axe,Beahan,abeahanay@apache.org,Male,5.85.21.156
396,Brandon,Shrimpling,bshrimplingaz@com.com,Female,238.64.255.207
397,Robena,Barth,rbarthb0@newyorker.com,Male,39.151.176.57
398,Bertina,Babidge,bbabidgeb1@prnewswire.com,Female,0.128.142.246
399,Pavel,MacKim,pmackimb2@msn.com,Male,93.155.153.181
400,Pauli,Sells,psellsb3@imdb.com,Female,245.18.125.224
401,Clerkclaude,Folan,cfolanb4@upenn.edu,Male,138.152.77.125
402,Maddi,Tippings,mtippingsb5@vistaprint.com,Female,85.158.200.193
403,Lyndell,Wake,lwakeb6@scientificamerican.com,Female,68.128.83.127
404,Ronnie,MacCrackan,rmaccrackanb7@prweb.com,Female,32.247.92.197
405,Felicle,Dancey,fdanceyb8@youtu.be,Female,241.0.217.144
406,Kassia,Haville,khavilleb9@psu.edu,Male,206.165.48.173
407,Ingrim,Claessens,iclaessensba@blogspot.com,Female,210.4.211.163
408,Henrietta,Withams,hwithamsbb@symantec.com,Male,81.207.109.252
409,Jamaal,Scarre,jscarrebc@columbia.edu,Male,50.7.189.189
410,Inger,Peasee,ipeaseebd@home.pl,Female,201.234.64.246
411,Delano,Davie,ddaviebe@friendfeed.com,Male,126.193.222.242
412,Naomi,Gaine of England,ngaineofenglandbf@biblegateway.com,Male,154.157.204.215
413,Markus,Knapp,mknappbg@va.gov,Male,230.167.201.195
414,Reagen,Titcom,rtitcombh@wikia.com,Female,21.104.148.0
415,Nathanial,Van Leijs,nvanleijsbi@quantcast.com,Female,117.43.199.221
416,Elnora,Gristock,egristockbj@deliciousdays.com,Male,37.251.34.246
417,Maryanne,Albarez,malbarezbk@photobucket.com,Female,184.151.24.173
418,Pinchas,Linwood,plinwoodbl@cnbc.com,Male,0.161.124.126
419,Georgy,Cleghorn,gcleghornbm@theatlantic.com,Female,143.25.129.228
420,Crichton,Boissieux,cboissieuxbn@ovh.net,Male,2.91.212.111
421,Pasquale,Alexsandrev,palexsandrevbo@phpbb.com,Female,35.124.179.163
422,Anastasia,Gurton,agurtonbp@cornell.edu,Female,165.62.156.55
423,Archer,Vickery,avickerybq@spotify.com,Female,144.194.180.82
424,Lorilyn,Gricewood,lgricewoodbr@tumblr.com,Female,254.95.20.146
425,Lorry,Dreamer,ldreamerbs@lycos.com,Male,79.82.176.234
426,Coleman,Simak,csimakbt@wikia.com,Male,119.136.14.77
427,Vince,Skill,vskillbu@pagesperso-orange.fr,Female,141.213.198.126
428,Gloria,Prescott,gprescottbv@amazon.co.jp,Female,127.251.40.200
429,Joanna,Sertin,jsertinbw@cocolog-nifty.com,Male,132.102.175.36
430,Lanae,Tharme,ltharmebx@tamu.edu,Male,66.224.42.131
431,Brenden,Lill,blillby@sbwire.com,Female,22.75.231.169
432,Terra,Wellbeloved,twellbelovedbz@bbc.co.uk,Male,109.173.230.17
433,Hagen,Becaris,hbecarisc0@drupal.org,Male,59.78.64.247
434,Powell,Sandeson,psandesonc1@skyrock.com,Female,97.139.162.79
435,Cassie,Stollenhof,cstollenhofc2@bbb.org,Male,57.112.181.24
436,Roxanne,Yedall,ryedallc3@imdb.com,Male,37.196.86.83
437,Baily,Kocher,bkocherc4@cnbc.com,Male,44.157.165.27
438,Nollie,Leathart,nleathartc5@disqus.com,Male,85.124.218.211
439,Selma,Kinvan,skinvanc6@youtu.be,Male,239.196.56.114
440,Maire,Romney,mromneyc7@ebay.com,Male,202.31.145.23
441,Barnebas,Chesters,bchestersc8@diigo.com,Male,17.242.125.205
442,Simon,Lutwidge,slutwidgec9@nhs.uk,Male,74.100.221.11
443,Elvira,Brockie,ebrockieca@imgur.com,Male,178.7.26.166
444,Weber,Beedham,wbeedhamcb@google.fr,Male,253.123.1.128
445,Marsha,Whitehall,mwhitehallcc@delicious.com,Female,154.70.237.30
446,Mannie,Milch,mmilchcd@seesaa.net,Female,67.190.216.175
447,Shepard,Phillpot,sphillpotce@tumblr.com,Female,105.229.9.94
448,Kacey,Woolmore,kwoolmorecf@google.co.uk,Female,128.44.197.177
449,Christan,Itzkov,citzkovcg@amazonaws.com,Female,44.94.163.187
450,Nevsa,Dinley,ndinleych@cnet.com,Male,39.130.216.187
451,Ibby,Stockford,istockfordci@deliciousdays.com,Female,105.84.142.60
452,Fredric,Tureville,fturevillecj@washingtonpost.com,Male,57.215.128.8
453,Rozalin,Abrahamian,rabrahamianck@about.me,Male,233.22.119.228
454,Guillermo,Fancutt,gfancuttcl@pagesperso-orange.fr,Male,220.118.82.149
455,Isabella,Rignall,irignallcm@ehow.com,Female,108.229.129.30
456,Peyton,Maffucci,pmaffuccicn@techcrunch.com,Male,182.171.198.139
457,Rickert,Thebeaud,rthebeaudco@infoseek.co.jp,Male,2.146.171.199
458,Lonni,Bolam,lbolamcp@washingtonpost.com,Male,199.194.11.0
459,Jeanelle,Doley,jdoleycq@hexun.com,Male,224.145.220.131
460,Olympia,Musgrave,omusgravecr@japanpost.jp,Male,82.53.76.163
461,Valle,Physic,vphysiccs@senate.gov,Female,252.214.119.29
462,Glynnis,Crew,gcrewct@newyorker.com,Female,189.178.74.89
463,Bail,Julien,bjuliencu@prnewswire.com,Female,204.71.187.250
464,Sutherland,Aksell,saksellcv@lulu.com,Male,120.138.251.102
465,Leigh,Caunce,lcauncecw@w3.org,Female,13.231.224.179
466,Curt,Greetland,cgreetlandcx@cloudflare.com,Male,118.213.235.170
467,Fidel,Gowenlock,fgowenlockcy@home.pl,Female,219.118.100.17
468,Gabriel,Alwin,galwincz@vinaora.com,Female,59.144.103.208
469,Joye,Janeway,jjanewayd0@usda.gov,Female,134.27.244.138
470,Berk,McCullough,bmcculloughd1@berkeley.edu,Female,186.203.201.36
471,Alex,Eastham,aeasthamd2@spotify.com,Male,250.147.54.112
472,Thibaud,Laux,tlauxd3@mozilla.com,Female,96.78.202.50
473,Monty,Di Maggio,mdimaggiod4@ow.ly,Male,246.220.66.108
474,Haywood,Edbrooke,hedbrooked5@tumblr.com,Female,126.163.226.226
475,Josefina,Witnall,jwitnalld6@ebay.com,Male,228.82.239.254
476,Stillmann,Stollhofer,sstollhoferd7@imdb.com,Female,57.137.110.185
477,Francesca,Wogan,fwogand8@reverbnation.com,Female,178.71.112.29
478,Dora,Gregorace,dgregoraced9@nytimes.com,Male,252.80.216.230
479,Kristan,Yitzhakov,kyitzhakovda@weather.com,Female,47.95.30.255
480,Teddie,McClinton,tmcclintondb@upenn.edu,Male,30.113.172.13
481,Willem,Stute,wstutedc@aboutads.info,Male,236.90.39.183
482,Lu,Masurel,lmasureldd@hubpages.com,Female,107.147.129.167
483,Winifred,Lampert,wlampertde@admin.ch,Male,219.44.240.31
484,Gaspar,Harome,gharomedf@pcworld.com,Male,8.197.94.224
485,Thaxter,Chalcraft,tchalcraftdg@phoca.cz,Female,51.64.254.239
486,Franklyn,Moxom,fmoxomdh@about.com,Male,214.240.129.207
487,Zelda,Groom,zgroomdi@psu.edu,Female,70.148.166.67
488,Keary,Windridge,kwindridgedj@yahoo.com,Female,165.140.117.24
489,Bethany,Crevagh,bcrevaghdk@columbia.edu,Male,13.98.221.217
490,Robinson,Pentony,rpentonydl@bbc.co.uk,Male,27.208.111.54
491,Brandais,Attwood,battwooddm@psu.edu,Male,188.178.248.86
492,Eduard,Baudic,ebaudicdn@mayoclinic.com,Female,47.198.199.43
493,Edouard,Delgado,edelgadodo@w3.org,Female,188.165.125.33
494,Keane,Swanson,kswansondp@goo.ne.jp,Female,144.251.204.185
495,Aurore,Burnep,aburnepdq@imgur.com,Female,133.3.84.162
496,Katinka,Biggerstaff,kbiggerstaffdr@mtv.com,Male,11.64.119.8
497,Eolande,Stolberg,estolbergds@eventbrite.com,Male,188.93.207.36
498,Karl,Grimwad,kgrimwaddt@mlb.com,Female,111.87.122.0
499,Jone,Doerren,jdoerrendu@fda.gov,Female,203.253.131.29
500,Janel,Falcus,jfalcusdv@redcross.org,Male,203.109.148.245
501,Homerus,Wayon,hwayondw@biblegateway.com,Female,206.175.219.13
502,Law,Bransgrove,lbransgrovedx@soundcloud.com,Male,232.234.136.211
503,Sapphira,Dryburgh,sdryburghdy@symantec.com,Male,12.27.140.119
504,Ursola,Vickars,uvickarsdz@chicagotribune.com,Male,70.46.48.22
505,Graham,Grimestone,ggrimestonee0@yale.edu,Female,162.80.157.48
506,Francois,Fergyson,ffergysone1@soup.io,Male,62.104.253.138
507,Sophie,Myers,smyerse2@godaddy.com,Male,84.23.114.144
508,Livvie,Widocks,lwidockse3@businesswire.com,Male,39.170.165.220
509,Wilden,Coultard,wcoultarde4@miitbeian.gov.cn,Female,195.101.138.89
510,Michaela,Champkins,mchampkinse5@nhs.uk,Male,108.214.94.3
511,Evania,Quarry,equarrye6@networkadvertising.org,Female,192.3.198.13
512,Aron,Adamowicz,aadamowicze7@slashdot.org,Male,42.118.118.7
513,Nikaniki,Fust,nfuste8@fc2.com,Male,158.14.82.91
514,Gaile,Meier,gmeiere9@oaic.gov.au,Male,157.164.171.34
515,Donal,Gossling,dgosslingea@xrea.com,Male,183.40.109.51
516,Kiele,Spinola,kspinolaeb@live.com,Male,115.11.139.97
517,Chelsae,Shortan,cshortanec@constantcontact.com,Female,172.145.192.62
518,Cornall,Blaxland,cblaxlanded@pbs.org,Male,154.34.52.87
519,Eda,Serjeant,eserjeantee@storify.com,Male,68.186.215.89
520,Cherish,Urling,curlingef@weather.com,Female,236.182.227.13
521,Jefferey,Francillo,jfrancilloeg@sphinn.com,Male,102.139.214.124
522,Barbette,Ramelot,brameloteh@gizmodo.com,Female,145.229.157.209
523,Antone,Bruce,abruceei@china.com.cn,Male,157.163.82.40
524,Delia,Fery,dferyej@blogtalkradio.com,Male,137.22.54.115
525,Saundra,Berrycloth,sberryclothek@umich.edu,Male,241.90.66.99
526,Ariel,Atlay,aatlayel@moonfruit.com,Female,199.14.16.64
527,Trina,Mynard,tmynardem@abc.net.au,Female,4.230.57.175
528,Virginia,Mitton,vmittonen@nifty.com,Male,139.189.55.68
529,Garret,Babar,gbabareo@about.me,Female,234.153.72.18
530,Engelbert,Coal,ecoalep@gravatar.com,Male,35.29.187.61
531,Torrance,Patterson,tpattersoneq@wisc.edu,Male,20.128.243.121
532,Neron,Tincey,ntinceyer@dell.com,Male,41.186.27.56
533,Alicea,Gremane,agremanees@seesaa.net,Male,251.11.71.143
534,Berkley,Stoffler,bstoffleret@aboutads.info,Male,151.213.54.192
535,Adrianne,Colkett,acolketteu@slate.com,Female,179.150.16.13
536,Alfi,Oherlihy,aoherlihyev@dropbox.com,Male,76.146.219.229
537,Umeko,Kitchinghan,ukitchinghanew@barnesandnoble.com,Female,126.45.15.211
538,Dalton,Galia,dgaliaex@mysql.com,Male,166.145.144.251
539,Noak,Ratazzi,nratazziey@opensource.org,Female,33.249.97.30
540,Briano,Whelan,bwhelanez@github.com,Male,173.182.44.196
541,Arin,Clemenzo,aclemenzof0@virginia.edu,Male,150.190.94.186
542,Tina,Backson,tbacksonf1@wunderground.com,Female,187.122.139.165
543,Riannon,Dagg,rdaggf2@cbslocal.com,Male,239.180.140.189
544,Clea,Turnor,cturnorf3@amazon.co.uk,Male,85.245.90.71
545,Laurella,Duthie,lduthief4@sina.com.cn,Male,100.184.127.160
546,Else,St. Quentin,estquentinf5@bigcartel.com,Female,89.90.253.135
547,Remus,Guilloux,rguillouxf6@blinklist.com,Female,79.10.76.188
548,Huntlee,Duckwith,hduckwithf7@discuz.net,Female,106.194.21.160
549,Chrisse,Lewin,clewinf8@pen.io,Female,247.31.161.3
550,Abraham,Draysey,adrayseyf9@mashable.com,Male,56.213.3.249
551,Hallie,Culver,hculverfa@diigo.com,Female,247.106.173.129
552,Araldo,Osboldstone,aosboldstonefb@google.com.br,Male,28.23.111.169
553,Johna,Heimann,jheimannfc@go.com,Male,150.59.176.189
554,Denice,Beavon,dbeavonfd@vinaora.com,Female,64.140.240.112
555,Glen,Jardine,gjardinefe@indiatimes.com,Male,29.89.54.173
556,Willette,Laidlaw,wlaidlawff@ft.com,Female,17.158.237.173
557,Simonne,Fonso,sfonsofg@networkadvertising.org,Female,189.35.203.57
558,Kylie,Bonds,kbondsfh@163.com,Female,108.91.165.164
559,Rubetta,Slowey,rsloweyfi@themeforest.net,Female,208.17.72.183
560,Chalmers,Hornbuckle,chornbucklefj@jugem.jp,Male,147.211.95.67
561,Alina,Sheridan,asheridanfk@umn.edu,Male,112.109.180.123
562,Veriee,D'Antonio,vdantoniofl@japanpost.jp,Female,149.82.125.166
563,Corny,Hedworth,chedworthfm@epa.gov,Male,72.214.204.168
564,Dyanna,Becaris,dbecarisfn@mit.edu,Female,209.147.108.130
565,Alf,McCadden,amccaddenfo@engadget.com,Male,137.57.22.217
566,Nealson,Node,nnodefp@rediff.com,Female,128.22.63.56
567,Raimondo,MacMychem,rmacmychemfq@51.la,Male,181.64.209.181
568,Glennis,Redwood,gredwoodfr@microsoft.com,Female,102.179.190.57
569,Tootsie,Barrows,tbarrowsfs@wsj.com,Male,38.159.242.107
570,Bert,Sidney,bsidneyft@google.com,Male,42.40.135.97
571,Bert,Kerfoot,bkerfootfu@cpanel.net,Male,39.59.33.219
572,Isiahi,Illyes,iillyesfv@sciencedaily.com,Male,75.79.17.252
573,Liv,Victory,lvictoryfw@desdev.cn,Male,215.244.184.85
574,Mala,Causon,mcausonfx@addtoany.com,Female,103.225.184.247
575,Aubrette,Revie,areviefy@yellowpages.com,Male,72.1.68.222
576,Lane,Clawson,lclawsonfz@deliciousdays.com,Male,104.37.33.125
577,Nikkie,Burdas,nburdasg0@blog.com,Male,16.88.80.46
578,Aland,Gager,agagerg1@hexun.com,Female,96.212.126.51
579,Barbette,Schubert,bschubertg2@newyorker.com,Female,233.20.156.182
580,Ramona,MacCrossan,rmaccrossang3@google.fr,Female,66.130.160.252
581,Tiebout,Shillinglaw,tshillinglawg4@a8.net,Female,46.29.159.97
582,Peri,Farrer,pfarrerg5@live.com,Male,170.123.87.255
583,Sayres,Larrie,slarrieg6@auda.org.au,Male,140.190.11.4
584,Hy,Belchem,hbelchemg7@hubpages.com,Male,220.3.35.24
585,Tyrone,Law,tlawg8@discuz.net,Female,173.130.62.206
586,Dulce,Jostan,djostang9@cloudflare.com,Male,116.7.90.70
587,Danice,Purkiss,dpurkissga@apple.com,Female,202.232.141.187
588,Janey,Ainsley,jainsleygb@chicagotribune.com,Female,195.220.200.101
589,Randell,Camilleri,rcamillerigc@thetimes.co.uk,Female,13.116.17.162
590,Massimo,Sterrick,msterrickgd@flavors.me,Male,215.112.197.179
591,Davin,Dreigher,ddreigherge@unblog.fr,Male,93.28.9.76
592,Vale,Sarchwell,vsarchwellgf@columbia.edu,Female,119.213.47.217
593,Luca,Coleford,lcolefordgg@fda.gov,Male,81.33.126.205
594,Holly,Cornu,hcornugh@uol.com.br,Male,81.92.97.105
595,Ali,Jikovsky,ajikovskygi@blogger.com,Female,85.187.171.22
596,Arline,Prangley,aprangleygj@google.pl,Female,106.158.197.169
597,Yolane,Grundwater,ygrundwatergk@wikia.com,Male,121.4.197.153
598,Trevar,Frazer,tfrazergl@bluehost.com,Male,78.128.214.24
599,Bink,Readwing,breadwinggm@bing.com,Female,96.124.8.199
600,Kira,Le Borgne,kleborgnegn@a8.net,Female,235.38.115.61
601,Keen,Pettecrew,kpettecrewgo@adobe.com,Male,152.98.157.221
602,Annie,Rain,araingp@twitpic.com,Male,43.29.63.36
603,Mallory,Asple,masplegq@zdnet.com,Male,111.173.241.60
604,Christopher,Tothe,ctothegr@tinyurl.com,Female,160.222.3.33
605,Myrwyn,Trimmell,mtrimmellgs@princeton.edu,Female,131.249.208.118
606,Alejandra,Slimmon,aslimmongt@howstuffworks.com,Female,131.156.34.3
607,Roshelle,Valsler,rvalslergu@google.pl,Female,59.130.250.245
608,Sidonnie,Wenger,swengergv@cafepress.com,Male,25.251.195.152
609,Miner,Conningham,mconninghamgw@oakley.com,Male,165.166.243.214
610,Maximilien,MacDougall,mmacdougallgx@wordpress.org,Male,73.102.156.71
611,Tate,Dyter,tdytergy@github.com,Male,103.121.51.167
612,Abbi,Hounsome,ahounsomegz@plala.or.jp,Male,180.60.111.172
613,Gaylord,Gerty,ggertyh0@yelp.com,Male,147.38.79.57
614,Cherilyn,Ponton,cpontonh1@patch.com,Female,90.0.107.27
615,Serena,Cruttenden,scruttendenh2@facebook.com,Male,186.190.21.4
616,Meir,Vanes,mvanesh3@jiathis.com,Female,77.196.124.99
617,Hugo,Kitteridge,hkitteridgeh4@amazon.co.jp,Male,54.135.106.205
618,Cathy,Drewery,cdreweryh5@blogspot.com,Male,191.102.186.39
619,Bertrand,Wittey,bwitteyh6@jimdo.com,Female,146.40.147.86
620,Kingsley,Duval,kduvalh7@baidu.com,Male,84.135.115.16
621,Papageno,Harroway,pharrowayh8@nps.gov,Male,80.190.5.144
622,Harriett,Purches,hpurchesh9@nasa.gov,Female,19.166.125.81
623,Marybeth,Hilley,mhilleyha@rediff.com,Male,178.57.75.112
624,Tye,Beagin,tbeaginhb@hostgator.com,Female,206.10.119.145
625,Quillan,Byneth,qbynethhc@opera.com,Male,142.118.187.87
626,Cassey,Moubray,cmoubrayhd@illinois.edu,Female,65.36.25.153
627,Wynn,Duny,wdunyhe@nasa.gov,Male,73.244.175.20
628,Nicholle,Laval,nlavalhf@google.fr,Male,205.89.206.149
629,Duffy,Weare,dwearehg@ibm.com,Male,179.210.138.65
630,Norman,Tromans,ntromanshh@comcast.net,Female,110.146.83.178
631,Larina,Cannop,lcannophi@goo.ne.jp,Male,150.179.79.196
632,Diarmid,Hasser,dhasserhj@cnet.com,Female,220.157.52.216
633,Broderic,Mc Combe,bmccombehk@jiathis.com,Male,42.100.82.4
634,Carmita,Leyzell,cleyzellhl@biblegateway.com,Female,1.37.128.90
635,Lelia,Stealey,lstealeyhm@cisco.com,Male,206.111.158.4
636,Edgard,Milius,emiliushn@cyberchimps.com,Male,119.180.153.112
637,Ezequiel,Stango,estangoho@indiatimes.com,Male,7.87.80.195
638,Rafaellle,Goldingay,rgoldingayhp@mashable.com,Male,12.0.92.11
639,Beverlee,Baughen,bbaughenhq@desdev.cn,Female,93.155.246.104
640,Gaspard,Readings,greadingshr@fema.gov,Female,185.196.187.94
641,Florri,Perrat,fperraths@youku.com,Female,182.80.44.131
642,Heinrick,Wincer,hwincerht@slashdot.org,Female,201.68.117.84
643,Marney,Whitebrook,mwhitebrookhu@telegraph.co.uk,Female,177.130.207.46
644,Adina,Christoffersen,achristoffersenhv@marketwatch.com,Male,167.60.204.22
645,Klara,Storey,kstoreyhw@opera.com,Female,141.25.118.170
646,Arabele,Chantler,achantlerhx@mlb.com,Female,179.197.182.173
647,Cicely,Shepcutt,cshepcutthy@homestead.com,Male,52.178.202.105
648,Corinna,Ayers,cayershz@gmpg.org,Female,178.117.83.162
649,Erek,Weeds,eweedsi0@typepad.com,Male,253.86.238.188
650,Barron,Brounfield,bbrounfieldi1@oakley.com,Female,14.43.251.192
651,Josie,Samuel,jsamueli2@webeden.co.uk,Male,160.122.193.117
652,Claudianus,Atyeo,catyeoi3@hhs.gov,Male,116.25.147.17
653,Renado,Pharo,rpharoi4@google.es,Male,10.210.36.180
654,Jodie,Skyram,jskyrami5@mozilla.com,Male,237.14.230.156
655,Ashil,Bousfield,abousfieldi6@gov.uk,Female,83.30.244.216
656,Gwendolen,Bowler,gbowleri7@prnewswire.com,Female,94.179.95.220
657,Waylon,Goricke,wgorickei8@godaddy.com,Male,93.162.83.253
658,Fannie,Medford,fmedfordi9@sciencedirect.com,Male,236.138.130.211
659,Gwen,Seine,gseineia@eventbrite.com,Female,180.215.100.62
660,Eleanora,Sayton,esaytonib@networkadvertising.org,Female,200.222.6.183
661,Tommie,Tomaini,ttomainiic@yolasite.com,Male,85.224.135.93
662,Denise,Conry,dconryid@nymag.com,Male,124.27.53.210
663,Adrienne,Spur,aspurie@mlb.com,Male,60.202.6.222
664,Sarah,Tschursch,stschurschif@hubpages.com,Male,104.111.123.215
665,Birgitta,Charlet,bcharletig@wiley.com,Female,86.176.143.141
666,Abe,Saffe,asaffeih@twitter.com,Male,17.209.56.197
667,Keary,Sattin,ksattinii@ft.com,Female,1.196.152.43
668,Franchot,Topping,ftoppingij@sourceforge.net,Female,1.125.91.136
669,Sherrie,Duval,sduvalik@deliciousdays.com,Male,151.102.10.160
670,Dwain,Beazer,dbeazeril@spotify.com,Female,219.110.134.231
671,Lianna,Boyland,lboylandim@google.cn,Male,133.217.21.119
672,Kylynn,Aujouanet,kaujouanetin@theglobeandmail.com,Male,128.154.171.0
673,Alisha,Twort,atwortio@angelfire.com,Female,124.230.237.121
674,Elfie,Ravelus,eravelusip@vimeo.com,Female,87.177.48.19
675,Adriane,Biagioni,abiagioniiq@usatoday.com,Male,205.122.97.211
676,Damon,Huske,dhuskeir@loc.gov,Female,63.14.98.102
677,Shea,Daines,sdainesis@who.int,Male,31.155.70.47
678,Aindrea,Suttie,asuttieit@elpais.com,Male,35.137.25.76
679,Carley,Delmonti,cdelmontiiu@alibaba.com,Female,95.247.155.231
680,Palm,Waiton,pwaitoniv@ucla.edu,Female,35.186.209.133
681,Bambie,Nicholes,bnicholesiw@example.com,Male,118.92.51.17
682,Horst,Kitney,hkitneyix@seesaa.net,Male,190.116.123.11
683,Merilee,Lettson,mlettsoniy@mayoclinic.com,Male,75.185.97.239
684,Jimmie,Bertenshaw,jbertenshawiz@chron.com,Male,36.0.4.19
685,Manuel,Gration,mgrationj0@who.int,Male,65.46.201.23
686,Tamqrah,Syseland,tsyselandj1@naver.com,Male,67.6.57.244
687,Gianina,Otridge,gotridgej2@facebook.com,Male,72.208.217.230
688,Millard,Gobell,mgobellj3@huffingtonpost.com,Female,47.78.155.30
689,Bel,Shuard,bshuardj4@chronoengine.com,Female,79.194.55.96
690,Salaidh,Fantham,sfanthamj5@mashable.com,Female,44.50.126.12
691,Mark,Syphus,msyphusj6@hc360.com,Female,220.74.140.47
692,Merle,Eborall,meborallj7@homestead.com,Female,165.53.221.136
693,Clarie,Dansie,cdansiej8@wired.com,Female,243.150.196.250
694,Rowen,Crook,rcrookj9@histats.com,Male,82.54.155.243
695,Matias,Kidstone,mkidstoneja@github.io,Male,47.114.222.252
696,Anatol,Schurig,aschurigjb@npr.org,Female,95.152.34.83
697,Adora,Younglove,ayounglovejc@ebay.co.uk,Female,212.82.25.241
698,Odelia,Sheerin,osheerinjd@nba.com,Male,77.204.238.36
699,Bartholomew,Casswell,bcasswellje@yellowbook.com,Male,40.144.22.188
700,Marilee,Kenafaque,mkenafaquejf@weebly.com,Male,212.68.105.61
701,Benjamen,Noye,bnoyejg@bloomberg.com,Male,112.72.209.176
702,Hillery,Burrett,hburrettjh@theglobeandmail.com,Male,120.210.115.182
703,Jania,Wittleton,jwittletonji@prnewswire.com,Male,130.66.202.86
704,Kellen,Theml,kthemljj@histats.com,Male,74.128.92.148
705,Aryn,Poat,apoatjk@dyndns.org,Male,229.124.2.131
706,Betsey,McArdell,bmcardelljl@patch.com,Male,20.147.133.41
707,Lenette,Fabri,lfabrijm@columbia.edu,Female,111.22.97.108
708,Torey,Eyres,teyresjn@va.gov,Male,55.53.80.101
709,Wald,Flieg,wfliegjo@qq.com,Male,137.210.106.71
710,Danita,Luisetti,dluisettijp@wikispaces.com,Male,29.106.181.67
711,Flossy,Sexstone,fsexstonejq@constantcontact.com,Male,17.105.81.246
712,Leontine,Camblin,lcamblinjr@springer.com,Male,149.195.44.14
713,Nadya,Sirmond,nsirmondjs@privacy.gov.au,Male,182.12.76.215
714,Maureene,Benedidick,mbenedidickjt@unesco.org,Male,160.3.48.108
715,Elga,Cowely,ecowelyju@blogtalkradio.com,Male,224.81.132.43
716,Llewellyn,Du Plantier,lduplantierjv@ovh.net,Male,198.109.38.214
717,Fan,Welbourn,fwelbournjw@addthis.com,Male,116.57.62.195
718,Roz,Trase,rtrasejx@bluehost.com,Female,11.217.193.54
719,Brigit,Crauford,bcraufordjy@irs.gov,Male,94.10.105.255
720,Kassie,Le Count,klecountjz@dmoz.org,Female,157.19.154.38
721,Elissa,Winders,ewindersk0@narod.ru,Male,244.167.78.146
722,Nicolle,Dallon,ndallonk1@google.ca,Male,141.120.205.249
723,Lexi,Paver,lpaverk2@liveinternet.ru,Female,195.119.95.103
724,Rock,Matton,rmattonk3@mysql.com,Female,105.38.94.227
725,Alfonso,Kleinber,akleinberk4@springer.com,Female,32.67.5.136
726,Goddard,Rosenbloom,grosenbloomk5@homestead.com,Male,52.104.18.46
727,Elita,Taudevin,etaudevink6@github.io,Male,235.104.97.137
728,Sinclair,Huonic,shuonick7@youtu.be,Male,186.188.202.212
729,Jobey,Obert,jobertk8@yandex.ru,Male,190.117.77.47
730,Lurleen,Elliott,lelliottk9@utexas.edu,Female,54.88.161.5
731,Willy,Antonin,wantoninka@simplemachines.org,Male,173.12.67.34
732,Suzi,Pymar,spymarkb@cafepress.com,Female,155.183.213.236
733,Derick,Bleakley,dbleakleykc@biglobe.ne.jp,Male,145.58.155.61
734,Buffy,Ree,breekd@psu.edu,Female,233.175.43.90
735,Beverley,Coston,bcostonke@bizjournals.com,Male,185.113.219.230
736,Collin,Archbold,carchboldkf@godaddy.com,Female,18.10.30.135
737,Steven,Redd,sreddkg@unc.edu,Female,166.30.142.82
738,Nerita,Saggs,nsaggskh@admin.ch,Male,21.15.24.183
739,Hastie,Whapham,hwhaphamki@princeton.edu,Female,122.0.63.59
740,Catarina,Gainsburgh,cgainsburghkj@vkontakte.ru,Female,244.142.160.225
741,Dacia,Fiddler,dfiddlerkk@mlb.com,Male,103.45.214.48
742,Samuel,Searchfield,ssearchfieldkl@stanford.edu,Male,137.216.78.250
743,Lois,Kittles,lkittleskm@go.com,Male,208.233.84.1
744,Tabina,Meininger,tmeiningerkn@pcworld.com,Female,73.132.4.188
745,Bethina,Chave,bchaveko@flavors.me,Male,36.3.29.175
746,Waldon,Stickels,wstickelskp@devhub.com,Male,52.5.23.150
747,Geralda,Cloke,gclokekq@vistaprint.com,Male,5.176.64.39
748,Sydney,Henri,shenrikr@geocities.com,Female,134.243.146.153
749,Lloyd,Sanford,lsanfordks@taobao.com,Male,200.157.230.177
750,Wallas,Purcell,wpurcellkt@blogger.com,Female,30.67.108.204
751,Jammie,Berrow,jberrowku@squidoo.com,Female,14.78.176.66
752,Darryl,Radmore,dradmorekv@phpbb.com,Female,12.203.89.72
753,Theressa,Crawshay,tcrawshaykw@barnesandnoble.com,Female,5.23.108.40
754,Kirbie,Harnett,kharnettkx@springer.com,Male,84.122.238.233
755,Javier,Jerzycowski,jjerzycowskiky@dion.ne.jp,Female,8.171.189.97
756,Lethia,Gaydon,lgaydonkz@nifty.com,Male,18.163.21.175
757,Netta,Oates,noatesl0@hc360.com,Male,77.224.8.118
758,Samuel,Ivashnikov,sivashnikovl1@admin.ch,Male,131.177.133.22
759,Janet,Sodo,jsodol2@apple.com,Male,187.243.40.180
760,Rosalie,Lumbers,rlumbersl3@spotify.com,Female,205.121.171.155
761,Cindee,Markie,cmarkiel4@etsy.com,Male,245.189.149.235
762,Eal,Tydeman,etydemanl5@cnn.com,Male,243.241.7.95
763,Charlotta,Tissier,ctissierl6@foxnews.com,Male,50.49.236.75
764,Janeva,Ouldcott,jouldcottl7@reddit.com,Male,122.58.57.208
765,Baird,Mouton,bmoutonl8@tumblr.com,Male,240.225.85.153
766,Hodge,Wildbore,hwildborel9@bbb.org,Male,238.60.217.126
767,Luise,Derrell,lderrellla@opensource.org,Female,37.254.200.143
768,Susanetta,Archibold,sarchiboldlb@ed.gov,Male,155.133.177.98
769,Ricca,Fullard,rfullardlc@over-blog.com,Female,182.138.158.35
770,Filia,Lardiner,flardinerld@wix.com,Female,79.249.20.147
771,De,Dyne,ddynele@networksolutions.com,Female,28.153.122.146
772,Murry,Rustman,mrustmanlf@seattletimes.com,Male,245.241.109.184
773,Yelena,Chinnock,ychinnocklg@nasa.gov,Male,188.15.12.113
774,Huntley,Tenant,htenantlh@uol.com.br,Male,146.219.181.233
775,Arlen,Hathaway,ahathawayli@infoseek.co.jp,Female,172.140.197.74
776,Katherina,McKerrow,kmckerrowlj@irs.gov,Male,230.70.105.70
777,Pierrette,Beatey,pbeateylk@examiner.com,Female,228.227.188.65
778,Bat,Vango,bvangoll@mozilla.org,Female,26.30.29.114
779,Bastian,Lambregts,blambregtslm@cam.ac.uk,Male,44.205.112.97
780,Nanine,Youens,nyouensln@nytimes.com,Male,161.239.26.8
781,Caleb,Stanney,cstanneylo@chronoengine.com,Male,189.225.9.213
782,Lorettalorna,Houlson,lhoulsonlp@163.com,Male,28.41.237.176
783,Chev,Pashenkov,cpashenkovlq@ebay.com,Female,138.29.171.172
784,Michaeline,Gethings,mgethingslr@canalblog.com,Male,115.198.86.72
785,Kingsly,Pittwood,kpittwoodls@angelfire.com,Male,167.53.203.123
786,Riki,Newbegin,rnewbeginlt@woothemes.com,Male,226.114.57.140
787,Ernestus,Reinhardt,ereinhardtlu@intel.com,Male,183.38.95.153
788,Bryon,Lancastle,blancastlelv@apache.org,Male,185.3.65.145
789,Tomasine,de Castelain,tdecastelainlw@mozilla.com,Male,129.114.180.207
790,Ofella,Crick,ocricklx@google.es,Male,228.171.200.86
791,Baillie,Decker,bdeckerly@dailymotion.com,Male,137.91.112.159
792,Nickey,Ivashin,nivashinlz@gizmodo.com,Male,82.107.20.136
793,Cointon,Nock,cnockm0@instagram.com,Male,128.137.255.252
794,Joellyn,Dunseath,jdunseathm1@xinhuanet.com,Male,231.143.210.15
795,Wilden,Easbie,weasbiem2@networkadvertising.org,Female,42.198.126.82
796,Cobbie,Clifford,ccliffordm3@discuz.net,Male,123.217.243.5
797,Electra,Butterfint,ebutterfintm4@ycombinator.com,Male,22.131.228.150
798,Kat,Jubert,kjubertm5@uiuc.edu,Male,36.14.101.210
799,Ange,Ledward,aledwardm6@miitbeian.gov.cn,Female,33.94.173.142
800,Julienne,Scattergood,jscattergoodm7@1und1.de,Female,127.240.204.57
801,Aleda,Hovenden,ahovendenm8@prweb.com,Female,47.15.46.23
802,Hamil,Winman,hwinmanm9@etsy.com,Male,167.57.223.228
803,Pepi,Batalini,pbatalinima@yale.edu,Male,48.78.50.48
804,Hercule,Brignall,hbrignallmb@blog.com,Male,137.105.239.238
805,Nessi,Giovanazzi,ngiovanazzimc@tinypic.com,Female,69.222.28.235
806,Nikaniki,Le land,nlelandmd@ca.gov,Male,117.74.161.255
807,Kristofer,Leppard,kleppardme@comsenz.com,Male,216.220.182.164
808,Gav,Fishburn,gfishburnmf@xrea.com,Male,179.141.76.25
809,Barnabas,Wrightham,bwrighthammg@cdbaby.com,Male,104.0.130.82
810,Cly,Mervyn,cmervynmh@prweb.com,Female,50.152.133.60
811,Karla,Folonin,kfoloninmi@nih.gov,Female,255.216.122.69
812,Craggie,Minton,cmintonmj@paginegialle.it,Male,72.11.156.203
813,Frances,Berthelet,fbertheletmk@shareasale.com,Female,175.59.212.251
814,Freddy,Rosini,frosiniml@cargocollective.com,Male,150.148.33.230
815,Drud,Terney,dterneymm@issuu.com,Male,229.41.212.227
816,Alvina,Maffeo,amaffeomn@rakuten.co.jp,Male,37.22.214.111
817,Heath,Pury,hpurymo@wsj.com,Male,169.64.30.228
818,Alanah,Gration,agrationmp@usa.gov,Male,75.166.237.201
819,Derk,Rizzetti,drizzettimq@cafepress.com,Male,214.220.65.239
820,Giavani,Hargreave,ghargreavemr@digg.com,Female,250.159.34.23
821,Teodoor,Ivoshin,tivoshinms@engadget.com,Male,105.45.56.109
822,Iseabal,Tomkiss,itomkissmt@ow.ly,Male,72.186.89.41
823,Kareem,Rosas,krosasmu@cdc.gov,Male,175.193.157.72
824,Vyky,Claisse,vclaissemv@live.com,Female,63.85.97.46
825,Pen,Jellybrand,pjellybrandmw@moonfruit.com,Female,111.66.29.229
826,Ara,Edworthy,aedworthymx@marriott.com,Female,239.215.130.80
827,Brook,Jaulmes,bjaulmesmy@trellian.com,Male,242.109.191.81
828,Vivianna,Hagard,vhagardmz@storify.com,Female,182.216.76.252
829,Shelba,Crotch,scrotchn0@gravatar.com,Male,56.252.167.187
830,Scarlet,Keetley,skeetleyn1@ycombinator.com,Female,229.24.165.76
831,Fenelia,Alforde,falforden2@dailymail.co.uk,Male,253.74.141.95
832,Fidelity,Sainz,fsainzn3@about.me,Male,51.96.20.185
833,Riki,Gehringer,rgehringern4@discuz.net,Male,93.84.12.111
834,Binnie,Crowest,bcrowestn5@sphinn.com,Male,51.116.52.219
835,Hilary,McWhinnie,hmcwhinnien6@slideshare.net,Male,251.112.145.51
836,Ulrich,Dawbury,udawburyn7@trellian.com,Male,198.6.253.75
837,Iosep,Bartosik,ibartosikn8@unesco.org,Male,209.213.209.180
838,Nolie,Lighton,nlightonn9@symantec.com,Female,242.17.117.52
839,Jacqui,Symms,jsymmsna@merriam-webster.com,Female,198.221.241.173
840,Lorena,Treves,ltrevesnb@liveinternet.ru,Female,53.12.146.103
841,Karlan,Donet,kdonetnc@lycos.com,Female,249.160.58.107
842,Nikki,Dering,nderingnd@columbia.edu,Male,110.47.224.90
843,Nanni,Athelstan,nathelstanne@bizjournals.com,Female,213.117.198.250
844,Wilfred,Fendlen,wfendlennf@buzzfeed.com,Male,197.84.168.181
845,Levi,Von Der Empten,lvonderemptenng@salon.com,Male,233.70.216.20
846,Lin,Rhead,lrheadnh@unc.edu,Male,52.63.241.34
847,Dorthy,Rickersey,drickerseyni@e-recht24.de,Female,12.49.141.162
848,Chanda,Greasley,cgreasleynj@imageshack.us,Male,246.7.150.105
849,Hartley,Waldren,hwaldrennk@sciencedirect.com,Female,137.244.153.57
850,Lowe,Cescotti,lcescottinl@gnu.org,Female,229.166.127.120
851,Julee,Orman,jormannm@ow.ly,Male,219.136.236.8
852,Hildegarde,MacCafferky,hmaccafferkynn@webnode.com,Female,169.116.197.30
853,Marybelle,Haldene,mhaldeneno@blogspot.com,Female,91.115.201.182
854,Kelcie,Hubner,khubnernp@ebay.co.uk,Male,213.211.250.154
855,Curr,Sheers,csheersnq@toplist.cz,Male,65.195.108.92
856,Cleopatra,Force,cforcenr@indiegogo.com,Male,139.249.164.13
857,Lazaro,Purves,lpurvesns@devhub.com,Female,43.98.50.210
858,Griff,Gotfrey,ggotfreynt@google.com.au,Male,59.63.139.115
859,Marilyn,Radolf,mradolfnu@4shared.com,Male,146.235.96.152
860,Leo,Doyle,ldoylenv@zimbio.com,Male,168.226.69.216
861,Kissie,Blanchette,kblanchettenw@fema.gov,Female,233.222.220.119
862,Gianni,Corteis,gcorteisnx@narod.ru,Male,70.97.118.236
863,Linnie,Blaber,lblaberny@microsoft.com,Female,88.99.119.121
864,Mikkel,Weatherhill,mweatherhillnz@1und1.de,Male,238.2.164.236
865,Eran,Crichmer,ecrichmero0@wp.com,Female,211.116.87.236
866,Worden,Santhouse,wsanthouseo1@163.com,Male,26.231.135.231
867,Zilvia,McCarroll,zmccarrollo2@networksolutions.com,Female,48.254.226.60
868,Curran,Campelli,ccampellio3@sina.com.cn,Female,3.148.223.168
869,Tabb,Cuddehay,tcuddehayo4@sbwire.com,Female,170.169.46.110
870,Adi,Sallowaye,asallowayeo5@symantec.com,Male,113.102.237.56
871,Julianna,Moles,jmoleso6@photobucket.com,Male,56.39.250.189
872,Sandy,Berthomieu,sberthomieuo7@blogs.com,Female,86.92.124.47
873,Valli,Haggett,vhaggetto8@skype.com,Male,29.89.133.193
874,Hubert,Camplejohn,hcamplejohno9@fc2.com,Male,47.100.62.48
875,Wilburt,Janauschek,wjanauschekoa@bing.com,Female,51.100.157.65
876,Ardyth,Romera,aromeraob@timesonline.co.uk,Female,117.251.189.176
877,Anselm,Flanders,aflandersoc@geocities.jp,Female,42.132.103.34
878,Cyndia,Prando,cprandood@mediafire.com,Female,173.183.68.8
879,Blondie,Faircliff,bfaircliffoe@constantcontact.com,Female,140.40.112.168
880,Norean,Klima,nklimaof@paypal.com,Female,71.64.121.113
881,Meredith,Rigden,mrigdenog@walmart.com,Male,245.59.194.9
882,Tatum,Nerval,tnervaloh@people.com.cn,Male,208.82.78.60
883,Seumas,Eldred,seldredoi@paginegialle.it,Male,113.88.227.248
884,Irving,Aylwin,iaylwinoj@reuters.com,Female,12.28.218.50
885,Devonna,MacMakin,dmacmakinok@dailymotion.com,Female,44.81.70.52
886,Kathy,Thackeray,kthackerayol@alibaba.com,Female,215.149.117.6
887,Leyla,Guion,lguionom@nydailynews.com,Female,111.33.229.63
888,Laurence,Humfrey,lhumfreyon@elpais.com,Male,59.104.46.41
889,Laetitia,Crowdson,lcrowdsonoo@tripadvisor.com,Female,50.174.94.146
890,Reinaldos,Dawdry,rdawdryop@businesswire.com,Male,162.194.11.139
891,Cello,Crombie,ccrombieoq@phoca.cz,Female,240.73.201.143
892,Jareb,Creed,jcreedor@utexas.edu,Male,42.58.108.198
893,Neala,MacEllen,nmacellenos@yandex.ru,Male,187.229.182.214
894,Anthony,Kincey,akinceyot@mapy.cz,Female,205.192.35.89
895,Theodosia,Sier,tsierou@pen.io,Female,75.175.27.76
896,Barbe,Justis,bjustisov@biglobe.ne.jp,Female,130.196.214.181
897,Bail,Bene,bbeneow@google.it,Female,43.38.72.131
898,Catha,Waldron,cwaldronox@fastcompany.com,Male,200.102.112.41
899,Joane,Giurio,jgiuriooy@webmd.com,Female,230.26.68.183
900,Denney,Collishaw,dcollishawoz@oaic.gov.au,Male,8.57.37.203
901,Trace,Domico,tdomicop0@state.gov,Female,18.104.156.211
902,Phillis,Wellbank,pwellbankp1@oakley.com,Male,164.178.33.43
903,Kandace,Churchward,kchurchwardp2@sun.com,Female,251.200.137.53
904,Magdaia,Poyner,mpoynerp3@amazon.de,Female,137.205.74.23
905,Almira,Wilstead,awilsteadp4@ted.com,Male,4.210.186.59
906,Tiffie,MacMichael,tmacmichaelp5@moonfruit.com,Male,20.54.97.243
907,Tynan,Speke,tspekep6@bbc.co.uk,Female,126.186.211.35
908,Anitra,Milton,amiltonp7@bbb.org,Female,15.47.54.77
909,Betsey,Hullbrook,bhullbrookp8@abc.net.au,Female,165.205.64.221
910,Candice,Binnie,cbinniep9@liveinternet.ru,Female,214.74.198.137
911,Thia,Smurthwaite,tsmurthwaitepa@cmu.edu,Female,200.53.92.188
912,Irvin,Leaton,ileatonpb@ow.ly,Female,124.11.187.215
913,Nollie,McBay,nmcbaypc@hp.com,Male,72.173.191.239
914,Enoch,Meekings,emeekingspd@skyrock.com,Female,21.28.60.126
915,Jacenta,Zieme,jziemepe@mlb.com,Female,188.218.5.96
916,Barris,Scheu,bscheupf@spiegel.de,Female,81.179.61.56
917,Stephani,Deare,sdearepg@narod.ru,Female,233.76.173.165
918,Sansone,Mounce,smounceph@unblog.fr,Male,176.151.84.106
919,Alberik,Imrie,aimriepi@163.com,Male,160.243.165.191
920,Eliza,Lachaize,elachaizepj@sohu.com,Male,167.222.246.226
921,Edlin,Lambshine,elambshinepk@virginia.edu,Female,93.63.170.212
922,Jammie,Alfonsetto,jalfonsettopl@squarespace.com,Male,131.179.148.96
923,Brant,Kaas,bkaaspm@eventbrite.com,Male,87.241.73.91
924,Janka,Antonioni,jantonionipn@xrea.com,Female,65.18.53.200
925,Janella,Probey,jprobeypo@state.gov,Male,165.79.100.107
926,Marie,Mazella,mmazellapp@artisteer.com,Male,3.163.101.249
927,Birdie,Riccioppo,briccioppopq@smh.com.au,Male,142.236.151.205
928,Darice,Cardis,dcardispr@csmonitor.com,Female,93.207.219.53
929,Noreen,Piletic,npileticps@yolasite.com,Female,139.141.136.140
930,Rayna,Le Monnier,rlemonnierpt@europa.eu,Male,40.160.144.53
931,Loralyn,Warrior,lwarriorpu@usa.gov,Female,75.54.156.134
932,Bondie,Abley,bableypv@mac.com,Male,167.45.158.52
933,Alexio,Creber,acreberpw@parallels.com,Male,139.79.63.72
934,Aurlie,Stamps,astampspx@slate.com,Male,43.60.166.1
935,Tedmund,Tombleson,ttomblesonpy@baidu.com,Female,71.127.244.34
936,Starlin,Castenda,scastendapz@diigo.com,Male,23.166.224.21
937,Manon,Hrinchenko,mhrinchenkoq0@dion.ne.jp,Male,80.127.217.132
938,Nadine,Monelle,nmonelleq1@paypal.com,Female,82.109.235.223
939,Pate,Winwood,pwinwoodq2@ehow.com,Female,56.34.57.218
940,Marco,Karchewski,mkarchewskiq3@salon.com,Female,215.164.229.145
941,Edy,Giraudat,egiraudatq4@amazon.com,Female,206.177.65.115
942,Gretna,Broader,gbroaderq5@imdb.com,Male,196.234.242.176
943,Gilbert,Revie,grevieq6@gizmodo.com,Female,159.35.68.173
944,Lindy,Grzelczak,lgrzelczakq7@cafepress.com,Male,155.5.28.174
945,Augy,Bendtsen,abendtsenq8@hud.gov,Female,78.140.140.100
946,Mureil,Growcott,mgrowcottq9@odnoklassniki.ru,Female,177.188.63.186
947,Carmina,Skirrow,cskirrowqa@europa.eu,Female,169.121.10.229
948,Abbey,Moscrop,amoscropqb@google.co.uk,Male,90.186.241.130
949,Kippy,Tullis,ktullisqc@slideshare.net,Female,163.52.71.170
950,Earle,Bahia,ebahiaqd@princeton.edu,Female,214.44.140.181
951,Raymond,Millmoe,rmillmoeqe@thetimes.co.uk,Male,40.214.187.8
952,Marve,Schonfelder,mschonfelderqf@walmart.com,Female,195.136.71.229
953,Avictor,Cuppleditch,acuppleditchqg@gravatar.com,Male,208.14.249.31
954,Mareah,Leif,mleifqh@twitter.com,Female,142.3.134.123
955,Bartram,Obispo,bobispoqi@smh.com.au,Male,164.210.147.99
956,Witty,Phillipp,wphillippqj@forbes.com,Male,217.207.99.225
957,Jereme,Spain-Gower,jspaingowerqk@squidoo.com,Male,249.61.129.18
958,Pierre,Simmen,psimmenql@google.com,Male,196.187.150.117
959,Avril,Noury,anouryqm@ibm.com,Male,228.170.203.46
960,Madelene,Muehle,mmuehleqn@discuz.net,Male,93.19.170.152
961,Emmott,Eric,eericqo@shinystat.com,Female,111.160.38.166
962,Yolanthe,Chastanet,ychastanetqp@oakley.com,Male,162.35.57.93
963,Marjy,Francklin,mfrancklinqq@cam.ac.uk,Male,22.47.133.25
964,Toni,Dredge,tdredgeqr@slideshare.net,Female,67.32.99.77
965,Claudianus,Phelp,cphelpqs@youku.com,Male,146.44.55.3
966,Happy,Driutti,hdriuttiqt@storify.com,Male,96.50.219.186
967,Creigh,Nutbean,cnutbeanqu@irs.gov,Male,138.234.192.52
968,Lazar,Gimlet,lgimletqv@php.net,Male,222.15.137.208
969,Johannah,Wetherhead,jwetherheadqw@reddit.com,Male,183.55.79.210
970,Aaren,Whiffin,awhiffinqx@ftc.gov,Male,106.30.80.28
971,Lurleen,Fillan,lfillanqy@aol.com,Male,26.148.171.255
972,Lucine,Axell,laxellqz@edublogs.org,Male,111.190.159.203
973,Carmelita,Blackadder,cblackadderr0@vistaprint.com,Male,172.34.44.107
974,Garey,Filochov,gfilochovr1@exblog.jp,Female,135.232.131.235
975,Lindy,Eland,lelandr2@cloudflare.com,Male,219.212.146.100
976,Elena,Gierke,egierker3@theguardian.com,Female,187.141.193.216
977,Gwendolyn,Torresi,gtorresir4@artisteer.com,Female,101.99.120.51
978,Lalo,Anthony,lanthonyr5@kickstarter.com,Female,17.156.41.93
979,Ophelie,Leteurtre,oleteurtrer6@com.com,Female,48.118.216.196
980,Bartolomeo,Bednell,bbednellr7@behance.net,Female,220.192.233.245
981,Molly,Doylend,mdoylendr8@mashable.com,Male,77.46.111.107
982,Cletis,Grigoliis,cgrigoliisr9@oakley.com,Female,230.149.138.171
983,Marla,Batthew,mbatthewra@harvard.edu,Male,194.108.104.193
984,Mame,Veracruysse,mveracruysserb@ihg.com,Male,211.228.205.254
985,Erasmus,Zanneli,ezannelirc@joomla.org,Male,34.20.34.203
986,Jorrie,Penticost,jpenticostrd@gnu.org,Female,235.59.129.205
987,Amandie,McElory,amceloryre@ezinearticles.com,Female,111.177.200.72
988,Janella,McDougald,jmcdougaldrf@twitter.com,Male,88.94.185.2
989,Ransom,Wimbridge,rwimbridgerg@redcross.org,Female,72.168.195.92
990,Martino,Baroux,mbarouxrh@nbcnews.com,Female,235.72.43.88
991,Inglis,Covotto,icovottori@eventbrite.com,Male,242.136.51.226
992,Ilse,Courtes,icourtesrj@engadget.com,Male,206.152.197.124
993,Dorey,Bathowe,dbathowerk@patch.com,Male,49.116.194.250
994,Moises,Simkin,msimkinrl@earthlink.net,Female,138.71.122.176
995,Mirilla,Cherrie,mcherrierm@wordpress.com,Male,21.75.15.140
996,Howard,Gounin,hgouninrn@com.com,Male,110.55.124.165
997,Kacey,Ebrall,kebrallro@netlog.com,Male,225.195.126.214
998,Silvain,Meert,smeertrp@phoca.cz,Male,135.160.44.187
999,Chip,Bickley,cbickleyrq@nyu.edu,Male,29.184.39.37
1000,Corabelle,Long,clongrr@mapy.cz,Male,91.155.171.45
